{"cameraMode":{"drawMode":0,"name":"Shaded","section":"Shading Mode"},"sceneLighting":false,"audioPlay":false,"sceneViewState":{"showFog":true,"showMaterialUpdate":true,"showSkybox":true,"showFlares":true,"showImageEffects":true,"showParticleSystems":true},"in2DMode":false,"pivot":{"x":0.7695891261100769,"y":1.648125171661377,"z":0.039698123931884769},"rotation":{"x":-0.003258106531575322,"y":0.9957020282745361,"z":-0.08414679765701294,"w":-0.038551975041627887},"size":2.7315316200256349,"orthographic":false}